{
  "$schema": "https://docs.renovatebot.com/renovate-schema.json",
  "extends": [
    ":dependencyDashboard",
    ":semanticCommitType(chore)",
    ":ignoreModulesAndTests",
    ":pinAllExceptPeerDependencies",
    "group:monorepos",
    "group:recommended",
    "replacements:all",
    "workarounds:all",
    ":disableRateLimiting",
    ":noUnscheduledUpdates"
  ],
  "schedule": ["before 7am every weekday", "every weekend"],
  "semanticCommits": "enabled",
  "reviewers": ["@prisma/orm-ts-maintain"],
  "rebaseWhen": "conflicted",
  "rangeStrategy": "pin",
  "ignoreDeps": [
    "sqlite3",
    "@prisma/engines-version",
    "@prisma/prisma-schema-wasm",
    "redis",
    "@types/redis"
  ],
  "ignorePaths": ["sandbox/**"],
  "constraints": {
    "pnpm": "8"
  },
  "configMigration": true,
  "packageRules": [
    {
      "groupName": "devDependencies patch (non-major)",
      "automerge": true,
      "matchDepTypes": ["devDependencies"],
      "matchUpdateTypes": ["patch"],
      "schedule": ["before 7am on Wednesday"],
      "matchPackageNames": [
        "!@prisma/studio",
        "!@prisma/studio-server",
        "!checkpoint-client"
      ]
    },
    {
      "groupName": "dependencies patch (non-major)",
      "matchDepTypes": ["dependencies"],
      "matchUpdateTypes": ["patch"],
      "schedule": ["before 7am on Wednesday"],
      "matchPackageNames": ["!checkpoint-client"]
    },
    {
      "groupName": "ESM devDependencies & dependencies (patch & minor)",
      "matchDepTypes": ["dependencies", "devDependencies"],
      "matchUpdateTypes": ["patch", "minor"],
      "matchPackageNames": [
        "get-port",
        "is-obj",
        "is-regexp",
        "mongo",
        "p-reduce",
        "postgres",
        "sort-keys",
        "node.js",
        "@sindresorhus/slugify",
        "cli-truncate",
        "escape-string-regexp",
        "execa",
        "find-up",
        "get-stdin",
        "globby",
        "has-yarn",
        "indent-string",
        "log-update",
        "new-github-issue-url",
        "node-fetch",
        "ora",
        "p-map",
        "p-retry",
        "pkg-up",
        "read-pkg-up",
        "replace-string",
        "string-width",
        "strip-ansi",
        "strip-indent",
        "tempy",
        "terminal-link"
      ],
      "schedule": ["before 7am on Wednesday"]
    },
    {
      "groupName": "ESM devDependencies & dependencies (major)",
      "matchDepTypes": ["dependencies", "devDependencies"],
      "matchUpdateTypes": ["major"],
      "matchPackageNames": [
        "get-port",
        "is-obj",
        "is-regexp",
        "mongo",
        "p-reduce",
        "postgres",
        "sort-keys",
        "node.js",
        "@sindresorhus/slugify",
        "cli-truncate",
        "escape-string-regexp",
        "execa",
        "find-up",
        "get-stdin",
        "globby",
        "has-yarn",
        "indent-string",
        "log-update",
        "new-github-issue-url",
        "node-fetch",
        "ora",
        "p-map",
        "p-retry",
        "pkg-up",
        "read-pkg-up",
        "replace-string",
        "string-width",
        "strip-ansi",
        "strip-indent",
        "tempy",
        "terminal-link"
      ],
      "schedule": ["before 7am on Wednesday"]
    },
    {
      "groupName": "Node.js Major upgrades",
      "matchPackageNames": ["node", "@types/node"],
      "matchUpdateTypes": ["major"]
    },
    {
      "groupName": "definitelyTyped",
      "automerge": true,
      "matchUpdateTypes": ["patch", "minor"],
      "schedule": ["before 7am on Wednesday"],
      "matchPackageNames": ["/^@types//"]
    },
    {
      "groupName": "Jest",
      "automerge": true,
      "schedule": ["before 7am on Wednesday"],
      "matchPackageNames": ["/.*jest.*/"]
    },
    {
      "groupName": "sql-template-tag",
      "matchPackageNames": ["sql-template-tag"],
      "matchUpdateTypes": ["patch", "minor"]
    },
    {
      "groupName": "node-fetch",
      "ignoreUnstable": false,
      "matchPackageNames": ["node-fetch"],
      "schedule": ["before 7am on Wednesday"]
    },
    {
      "groupName": "tsd",
      "matchPackageNames": ["tsd"]
    },
    {
      "groupName": "npm-packlist",
      "matchPackageNames": ["npm-packlist"],
      "schedule": ["before 7am on Wednesday"]
    },
    {
      "groupName": "@swc/core for internals",
      "matchFileNames": ["packages/internals/**"],
      "matchPackageNames": ["@swc/core"],
      "schedule": ["before 7am on Wednesday"]
    },
    {
      "groupName": "opentelemetry packages",
      "schedule": ["before 7am on Wednesday"],
      "matchPackageNames": ["/^@opentelemetry//"]
    },
    {
      "groupName": "opentelemetry packages for instrumentation package",
      "matchFileNames": ["packages/instrumentation/**"],
      "matchPackageNames": [
        "@opentelemetry/api",
        "@opentelemetry/instrumentation",
        "@opentelemetry/sdk-trace-base"
      ],
      "rangeStrategy": "auto"
    },
    {
      "groupName": "esbuild packages",
      "schedule": ["before 7am on Wednesday"],
      "matchPackageNames": ["/^esbuild/"]
    },
    {
      "groupName": "e2e tests",
      "matchFileNames": ["packages/client/tests/e2e/**"],
      "schedule": ["before 7am on Wednesday"],
      "matchPackageNames": ["!typescript", "!prisma", "!@prisma/client"]
    },
    {
      "groupName": "e2e tests - typescript",
      "matchPackageNames": ["typescript"],
      "matchUpdateTypes": ["patch", "minor", "major"],
      "matchFileNames": ["packages/client/tests/e2e/**"],
      "schedule": ["before 7am on Wednesday"]
    },
    {
      "groupName": "e2e ts-version (major/minor) tests - typescript",
      "enabled": false,
      "matchPackageNames": ["typescript"],
      "matchUpdateTypes": ["minor", "major"],
      "matchFileNames": ["packages/client/tests/e2e/ts-version/**"]
    },
    {
      "groupName": "e2e ts-version (patch) tests - typescript",
      "matchPackageNames": ["typescript"],
      "matchUpdateTypes": ["patch"],
      "matchFileNames": ["packages/client/tests/e2e/ts-version/**"],
      "schedule": ["before 7am on Wednesday"]
    },
    {
      "groupName": "Extension: Accelerate",
      "automerge": true,
      "matchPackageNames": ["@prisma/extension-accelerate"],
      "matchUpdateTypes": ["patch", "minor", "major"],
      "schedule": ["at any time"]
    },
    {
      "groupName": "Extension: Read Replicas",
      "automerge": true,
      "matchPackageNames": ["@prisma/extension-read-replicas"],
      "matchUpdateTypes": ["patch", "minor", "major"],
      "schedule": ["at any time"]
    },
    {
      "groupName": "Studio",
      "automerge": true,
      "matchPackageNames": ["@prisma/studio", "@prisma/studio-server"],
      "matchUpdateTypes": ["patch", "minor"],
      "schedule": ["at any time"]
    },
    {
      "groupName": "checkpoint-client",
      "matchPackageNames": ["checkpoint-client"],
      "matchUpdateTypes": ["patch", "minor"],
      "schedule": ["at any time"]
    },
    {
      "groupName": "JS drivers",
      "matchPackageNames": [
        "@libsql/client",
        "@neondatabase/serverless",
        "@planetscale/database",
        "pg",
        "@types/pg"
      ],
      "schedule": ["before 7am on Wednesday"]
    },
    {
      "groupName": "Vitess Docker image",
      "matchDatasources": ["docker"],
      "matchPackageNames": ["vitess/vttestserver"],
      "schedule": ["before 7am on Wednesday"]
    },
    {
      "groupName": "MySQL Docker image",
      "matchDatasources": ["docker"],
      "matchPackageNames": ["mysql"]
    }
  ]
}
